Id,Date,VeryActiveMinutes,FairlyActiveMinutes,LightlyActiveMinutes,SedentaryMinutes,Calories
1503960366,4/12/2016,25,13,328,728,1985
1624580081,4/12/2016,0,0,146,1294,1797
1644430081,4/12/2016,2,51,256,1131,1776
1844505072,4/12/2016,0,0,339,1101,1745
1927972279,4/12/2016,0,0,55,734,1863
2022484408,4/12/2016,42,14,227,1157,1728
2026352035,4/12/2016,3,8,181,706,1921
2320127002,4/12/2016,13,9,306,1112,2035
2347167796,4/12/2016,28,13,320,964,1786
2873212765,4/12/2016,2,21,356,1061,1775
3372868164,4/12/2016,0,0,280,1160,1827
3977333714,4/12/2016,44,19,131,777,1949
4020332650,4/12/2016,4,15,331,712,1788
4057192912,4/12/2016,0,0,164,1276,2013
4319703577,4/12/2016,0,0,0,1440,1970
4388161847,4/12/2016,0,0,0,1440,2159
4445114986,4/12/2016,0,0,196,787,1898
4558609924,4/12/2016,0,0,318,1122,1837
4702921684,4/12/2016,0,0,263,718,1947
5553957443,4/12/2016,19,13,277,767,1820
5577150313,4/12/2016,86,16,140,728,2004
6117666160,4/12/2016,0,0,0,1440,1990
6290855005,4/12/2016,0,0,199,1241,1819
6775888955,4/12/2016,0,0,0,1440,1959
6962181067,4/12/2016,50,14,189,796,1896
7007744171,4/12/2016,53,8,355,1024,1821
7086361926,4/12/2016,59,6,153,745,1740
8053475328,4/12/2016,116,8,123,1193,1819
8253242879,4/12/2016,40,2,154,1244,1859
8378563200,4/12/2016,65,15,156,723,1783
8583815059,4/12/2016,0,7,196,1237,0
8792009665,4/12/2016,0,0,116,831,1432
8877689391,4/12/2016,85,7,312,1036,1411
1503960366,4/13/2016,21,19,217,776,1572
1624580081,4/13/2016,0,0,148,1292,1344
1644430081,4/13/2016,30,16,135,1259,1463
1844505072,4/13/2016,0,0,248,1192,1554
1927972279,4/13/2016,0,0,32,986,1604
2022484408,4/13/2016,43,5,292,1100,1435
2026352035,4/13/2016,0,0,238,663,1446
2320127002,4/13/2016,0,0,335,1105,1467
2347167796,4/13/2016,19,32,195,676,1470
2873212765,4/13/2016,0,8,404,1028,1562
3372868164,4/13/2016,16,8,371,1045,1617
3977333714,4/13/2016,31,46,153,754,1492
4020332650,4/13/2016,0,0,0,1440,1402
4057192912,4/13/2016,0,0,160,1280,1670
4319703577,4/13/2016,8,15,96,1234,1401
4388161847,4/13/2016,1,14,150,1275,1404
4445114986,4/13/2016,0,0,194,840,1655
4558609924,4/13/2016,19,7,127,1287,2690
4702921684,4/13/2016,0,0,258,777,1497
5553957443,4/13/2016,0,0,226,647,1334
5577150313,4/13/2016,15,11,144,776,1368
6117666160,4/13/2016,0,0,0,1440,1370
6290855005,4/13/2016,0,0,350,1090,1341
6775888955,4/13/2016,17,18,85,1053,1474
6962181067,4/13/2016,8,24,142,548,1427
7007744171,4/13/2016,56,22,261,1101,1328
7086361926,4/13/2016,31,26,155,744,1393
8053475328,4/13/2016,95,12,156,1177,1359
8253242879,4/13/2016,35,11,96,1298,1002
8378563200,4/13/2016,116,14,169,680,3199
8583815059,4/13/2016,2,23,163,1252,2902
8792009665,4/13/2016,0,0,82,806,3226
8877689391,4/13/2016,108,18,216,1098,2750
1503960366,4/14/2016,30,11,181,1218,3493
1624580081,4/14/2016,0,0,236,1204,3011
1644430081,4/14/2016,5,58,252,1125,2806
1844505072,4/14/2016,0,0,373,843,3300
1927972279,4/14/2016,0,9,88,1292,2430
2022484408,4/14/2016,32,3,257,1148,2140
2026352035,4/14/2016,0,0,197,653,2344
2320127002,4/14/2016,0,0,191,1249,2677
2347167796,4/14/2016,1,48,206,705,2413
2873212765,4/14/2016,0,0,331,1109,2497
3372868164,4/14/2016,6,25,370,1039,3123
3977333714,4/14/2016,5,23,214,801,2489
4020332650,4/14/2016,0,0,3,1437,3108
4057192912,4/14/2016,0,0,0,1440,2498
4319703577,4/14/2016,1,9,339,589,3846
4388161847,4/14/2016,10,35,219,945,2696
4445114986,4/14/2016,0,0,231,717,2580
4558609924,4/14/2016,0,0,279,1161,3324
4702921684,4/14/2016,0,0,271,772,2222
5553957443,4/14/2016,61,41,256,693,2463
5577150313,4/14/2016,118,30,176,662,3328
6117666160,4/14/2016,0,0,0,1440,3404
6290855005,4/14/2016,0,0,363,1077,2987
6775888955,4/14/2016,14,24,105,863,3008
6962181067,4/14/2016,0,0,86,862,2799
7007744171,4/14/2016,34,6,304,1096,1276
7086361926,4/14/2016,35,32,189,787,2030
8053475328,4/14/2016,119,5,193,1123,1860
8253242879,4/14/2016,29,16,33,1362,2130
8378563200,4/14/2016,123,21,174,699,1725
8583815059,4/14/2016,0,0,134,1306,1657
8792009665,4/14/2016,0,0,84,853,1793
8877689391,4/14/2016,68,13,298,1061,1814
1503960366,4/15/2016,29,34,209,726,1366
1624580081,4/15/2016,0,0,96,1344,1349
1644430081,4/15/2016,3,4,170,1263,2062
1844505072,4/15/2016,0,0,176,527,1827
1927972279,4/15/2016,0,0,51,941,1645
2022484408,4/15/2016,27,9,282,1122,1347
2026352035,4/15/2016,0,0,188,687,1347
2320127002,4/15/2016,0,0,245,1195,1347
2347167796,4/15/2016,1,24,284,720,1348
2873212765,4/15/2016,0,0,448,992,1992
3372868164,4/15/2016,0,0,335,1105,1856
3977333714,4/15/2016,15,42,183,644,1763
4020332650,4/15/2016,36,18,87,1299,1541
4057192912,4/15/2016,3,6,88,873,1348
4319703577,4/15/2016,0,0,228,752,1742
4388161847,4/15/2016,0,0,299,837,1549
4445114986,4/15/2016,0,0,350,711,1589
4558609924,4/15/2016,17,30,262,1131,1351
4702921684,4/15/2016,1,8,256,944,1347
5553957443,4/15/2016,58,38,239,689,1347
5577150313,4/15/2016,115,54,199,695,1347
6117666160,4/15/2016,0,6,513,921,1347
6290855005,4/15/2016,0,0,328,1112,1347
6775888955,4/15/2016,0,0,58,976,665
6962181067,4/15/2016,0,0,217,837,2220
7007744171,4/15/2016,0,0,202,1238,2151
7086361926,4/15/2016,30,21,139,864,2383
8053475328,4/15/2016,132,8,158,1142,2221
8253242879,4/15/2016,0,0,105,1335,2064
8378563200,4/15/2016,60,23,190,729,2063
8583815059,4/15/2016,0,0,65,1375,2111
8792009665,4/15/2016,0,0,126,937,2063
8877689391,4/15/2016,106,1,281,1052,2063
1503960366,4/16/2016,36,10,221,773,2064
1624580081,4/16/2016,0,0,176,1264,2093
1644430081,4/16/2016,51,42,212,1135,2499
1844505072,4/16/2016,0,0,147,1293,2324
1927972279,4/16/2016,0,0,0,1440,2100
2022484408,4/16/2016,41,11,151,1237,2638
2026352035,4/16/2016,0,0,150,728,2063
2320127002,4/16/2016,0,0,195,1245,2351
2347167796,4/16/2016,66,72,268,968,2063
2873212765,4/16/2016,47,1,305,1087,2064
3372868164,4/16/2016,0,0,356,1084,2411
3977333714,4/16/2016,31,83,153,663,2505
4020332650,4/16/2016,65,21,55,1222,2195
4319703577,4/16/2016,0,0,194,724,2338
4388161847,4/16/2016,6,9,253,609,2063
4445114986,4/16/2016,0,0,225,716,2383
4558609924,4/16/2016,8,12,308,1112,2229
4702921684,4/16/2016,3,24,335,556,2063
5553957443,4/16/2016,0,0,288,521,2063
5577150313,4/16/2016,184,56,158,472,2063
6117666160,4/16/2016,7,15,518,502,2063
6290855005,4/16/2016,0,0,258,1182,1383
6775888955,4/16/2016,36,18,9,1377,2390
6962181067,4/16/2016,50,3,280,741,2601
7007744171,4/16/2016,0,0,203,1155,2312
7086361926,4/16/2016,0,0,3,1437,2525
8053475328,4/16/2016,96,6,83,1255,2177
8253242879,4/16/2016,6,51,115,1268,2782
8378563200,4/16/2016,64,21,142,563,2770
8583815059,4/16/2016,0,0,0,1440,2489
8792009665,4/16/2016,0,0,12,1428,2897
8877689391,4/16/2016,94,29,429,888,3158
1503960366,4/17/2016,38,20,164,539,2638
1624580081,4/17/2016,15,22,127,1276,2069
1644430081,4/17/2016,29,13,186,1212,2529
1844505072,4/17/2016,2,8,199,1231,2470
1927972279,4/17/2016,0,0,0,1440,2793
2022484408,4/17/2016,28,29,331,1052,2463
2026352035,4/17/2016,0,0,60,1053,2296
2320127002,4/17/2016,0,0,249,1191,2611
2347167796,4/17/2016,1,7,249,508,2732
2873212765,4/17/2016,0,8,160,1272,2380
3372868164,4/17/2016,11,2,322,1105,2473
3977333714,4/17/2016,11,58,205,600,2752
4020332650,4/17/2016,0,0,2,1438,2649
4319703577,4/17/2016,0,0,3,1363,2609
4388161847,4/17/2016,0,0,201,721,2498
4445114986,4/17/2016,0,0,114,1219,1995
4558609924,4/17/2016,7,19,304,1110,1848
4702921684,4/17/2016,12,66,302,437,2709
5553957443,4/17/2016,0,0,46,943,2797
5577150313,4/17/2016,200,37,159,525,2544
6117666160,4/17/2016,0,0,312,702,1853
6290855005,4/17/2016,31,12,225,1172,1459
6775888955,4/17/2016,5,24,19,1392,1521
6962181067,4/17/2016,5,13,295,634,1431
7007744171,4/17/2016,0,0,305,1135,1444
7086361926,4/17/2016,0,0,0,1440,1373
8053475328,4/17/2016,111,21,195,1113,1214
8253242879,4/17/2016,41,5,157,1237,1419
8378563200,4/17/2016,0,0,93,599,1356
8583815059,4/17/2016,0,0,0,1440,1667
8792009665,4/17/2016,0,0,0,1440,1370
8877689391,4/17/2016,58,15,307,1060,1399
1503960366,4/18/2016,42,16,233,1149,1916
1624580081,4/18/2016,17,7,202,1214,1401
1644430081,4/18/2016,15,33,121,1271,1576
1844505072,4/18/2016,0,12,217,1211,1595
1927972279,4/18/2016,0,0,17,1423,1593
2022484408,4/18/2016,48,3,311,1078,1649
2026352035,4/18/2016,0,0,182,1062,1692
2320127002,4/18/2016,0,7,260,1173,1506
2347167796,4/18/2016,11,16,206,678,1447
2873212765,4/18/2016,1,6,311,1122,1690
3372868164,4/18/2016,20,7,343,1070,1604
3977333714,4/18/2016,4,95,214,605,1658
4020332650,4/18/2016,0,0,2,1438,1926
4319703577,4/18/2016,1,9,58,824,1736
4388161847,4/18/2016,27,8,239,1017,1491
4445114986,4/18/2016,25,6,162,1247,1555
4558609924,4/18/2016,14,15,331,1080,1869
4702921684,4/18/2016,22,30,191,890,1141
5553957443,4/18/2016,0,0,206,622,1698
5577150313,4/18/2016,114,32,130,623,1364
6117666160,4/18/2016,0,0,241,759,2124
6290855005,4/18/2016,0,0,271,1169,2003
6775888955,4/18/2016,30,31,146,1233,1696
6962181067,4/18/2016,13,42,238,689,1801
7007744171,4/18/2016,48,31,284,1077,1724
7086361926,4/18/2016,61,51,114,1136,1852
8053475328,4/18/2016,102,6,195,1137,1905
8253242879,4/18/2016,16,16,130,1278,1811
8378563200,4/18/2016,117,10,174,720,1922
8583815059,4/18/2016,4,22,105,1309,1610
8792009665,4/18/2016,0,0,0,1440,1851
8877689391,4/18/2016,29,5,191,1215,1804
1503960366,4/19/2016,50,31,264,775,1725
1624580081,4/19/2016,0,0,141,1299,1654
1644430081,4/19/2016,5,58,278,1099,1632
1844505072,4/19/2016,0,0,10,1430,1481
1927972279,4/19/2016,0,0,0,1440,1473
2022484408,4/19/2016,31,7,250,1152,1410
2026352035,4/19/2016,0,0,141,785,1779
2320127002,4/19/2016,0,11,228,1201,1403
2347167796,4/19/2016,0,7,382,648,1613
2873212765,4/19/2016,0,0,389,1051,1878
3372868164,4/19/2016,0,0,376,1064,1426
3977333714,4/19/2016,19,67,221,738,1780
4020332650,4/19/2016,0,0,0,1440,1742
4319703577,4/19/2016,0,0,311,604,1972
4388161847,4/19/2016,20,16,249,704,1821
4445114986,4/19/2016,0,0,121,895,1630
4558609924,4/19/2016,1,9,248,1182,1899
4702921684,4/19/2016,10,8,179,757,1903
5553957443,4/19/2016,69,28,249,756,1125
5577150313,4/19/2016,108,23,111,733,2344
6117666160,4/19/2016,0,0,480,425,2038
6290855005,4/19/2016,0,0,321,1119,2010
6775888955,4/19/2016,0,0,0,1440,2133
6962181067,4/19/2016,35,41,195,659,2670
7007744171,4/19/2016,53,17,304,1066,1882
7086361926,4/19/2016,67,69,124,671,1944
8053475328,4/19/2016,90,7,191,1152,2346
8253242879,4/19/2016,0,0,164,1276,2198
8378563200,4/19/2016,120,19,154,737,2048
8583815059,4/19/2016,7,10,166,1257,1946
8792009665,4/19/2016,0,0,0,1440,2629
8877689391,4/19/2016,82,13,214,1131,2187
1503960366,4/20/2016,28,12,205,818,2095
1624580081,4/20/2016,0,0,151,1289,1861
1644430081,4/20/2016,0,0,125,1315,2194
1844505072,4/20/2016,0,0,1,1439,1854
1927972279,4/20/2016,0,0,0,1440,403
2022484408,4/20/2016,48,63,276,1053,1982
2026352035,4/20/2016,0,0,327,623,2004
2320127002,4/20/2016,0,11,283,1146,1893
2347167796,4/20/2016,11,43,269,1011,2063
2873212765,4/20/2016,22,5,378,1035,2148
3372868164,4/20/2016,15,3,274,1148,1529
3977333714,4/20/2016,2,98,164,845,1890
4020332650,4/20/2016,0,0,0,1440,1956
4319703577,4/20/2016,0,18,306,671,2094
4388161847,4/20/2016,19,42,228,696,1970
4445114986,4/20/2016,0,0,137,841,2241
4558609924,4/20/2016,0,0,222,1218,2021
4702921684,4/20/2016,2,29,260,717,1898
5553957443,4/20/2016,0,0,148,598,1907
5577150313,4/20/2016,87,16,113,773,1882
6117666160,4/20/2016,26,10,349,587,1966
6290855005,4/20/2016,0,0,258,1182,1835
6775888955,4/20/2016,70,113,178,1079,1780
6962181067,4/20/2016,48,4,297,639,1830
7007744171,4/20/2016,60,33,347,1000,1739
7086361926,4/20/2016,87,13,145,797,1878
8053475328,4/20/2016,89,5,158,695,1906
8253242879,4/20/2016,5,18,216,1201,2015
8378563200,4/20/2016,82,8,169,763,1971
8583815059,4/20/2016,0,27,167,1246,1910
8792009665,4/20/2016,0,10,139,744,1897
8877689391,4/20/2016,73,19,225,1123,2096
1503960366,4/21/2016,19,8,211,838,1906
1624580081,4/21/2016,0,0,186,1254,1962
1644430081,4/21/2016,0,0,38,1402,1826
1844505072,4/21/2016,2,13,308,1117,1431
1927972279,4/21/2016,0,0,0,1440,1788
2022484408,4/21/2016,104,53,255,1028,2093
2026352035,4/21/2016,0,0,153,749,2065
2320127002,4/21/2016,1,10,127,1302,1908
2347167796,4/21/2016,23,26,208,761,1908
2873212765,4/21/2016,2,10,371,1057,1964
3372868164,4/21/2016,18,9,376,1037,2014
3977333714,4/21/2016,0,0,242,712,1985
4020332650,4/21/2016,0,0,0,1440,1867
4319703577,4/21/2016,0,0,34,1265,2124
4388161847,4/21/2016,7,12,272,853,1669
4445114986,4/21/2016,0,0,215,756,1995
4558609924,4/21/2016,6,21,432,844,1921
4702921684,4/21/2016,4,41,144,901,2010
5553957443,4/21/2016,47,42,177,801,2057
5577150313,4/21/2016,110,74,175,670,2095
6117666160,4/21/2016,11,19,294,579,1972
6290855005,4/21/2016,0,0,0,1440,2044
6775888955,4/21/2016,0,0,0,1440,1946
6962181067,4/21/2016,53,27,214,708,1237
7007744171,4/21/2016,30,34,327,1049,1450
7086361926,4/21/2016,19,6,206,758,1495
8053475328,4/21/2016,100,6,170,1164,1433
8253242879,4/21/2016,49,20,172,1199,1468
8378563200,4/21/2016,137,16,145,677,1625
8583815059,4/21/2016,35,18,158,1229,1529
8792009665,4/21/2016,0,0,9,1431,1584
8877689391,4/21/2016,82,13,226,1119,1638
1503960366,4/22/2016,66,27,130,1217,1554
1624580081,4/22/2016,0,0,199,1241,1397
1644430081,4/22/2016,0,0,86,1354,1481
1844505072,4/22/2016,0,0,220,1220,1638
1927972279,4/22/2016,0,0,10,1430,1655
2022484408,4/22/2016,52,10,273,1105,1570
2026352035,4/22/2016,0,0,162,712,1551
2320127002,4/22/2016,0,0,266,1174,1377
2347167796,4/22/2016,9,27,206,781,1407
2873212765,4/22/2016,46,0,366,1028,1545
3372868164,4/22/2016,0,0,206,1234,1650
3977333714,4/22/2016,33,12,188,731,1501
4020332650,4/22/2016,0,0,0,1440,1760
4319703577,4/22/2016,1,19,176,709,1710
4388161847,4/22/2016,77,25,220,945,1628
4445114986,4/22/2016,0,0,317,706,1618
4558609924,4/22/2016,20,25,273,1122,1590
4702921684,4/22/2016,0,0,72,1341,1574
5553957443,4/22/2016,25,16,270,781,1633
5577150313,4/22/2016,62,30,200,823,1667
6117666160,4/22/2016,0,0,402,413,1630
6290855005,4/22/2016,0,0,302,1138,52
6775888955,4/22/2016,0,0,20,1420,3654
6962181067,4/22/2016,30,33,240,659,1981
7007744171,4/22/2016,64,50,261,1065,2011
7086361926,4/22/2016,58,59,153,762,2951
8053475328,4/22/2016,60,3,117,1260,3051
8253242879,4/22/2016,0,0,120,1320,1990
8378563200,4/22/2016,113,12,159,769,1995
8583815059,4/22/2016,4,54,212,1170,1980
8792009665,4/22/2016,1,20,195,817,1980
8877689391,4/22/2016,61,2,236,1141,1980
1503960366,4/23/2016,41,21,262,732,1980
1624580081,4/23/2016,0,0,227,1213,1980
1644430081,4/23/2016,0,15,160,1265,1980
1844505072,4/23/2016,0,0,139,1301,1980
1927972279,4/23/2016,0,0,145,1295,1980
2022484408,4/23/2016,0,0,249,1191,1980
2026352035,4/23/2016,0,0,432,458,1980
2320127002,4/23/2016,0,0,242,1129,1980
2347167796,4/23/2016,32,35,360,591,1980
2873212765,4/23/2016,28,5,330,1077,1980
3372868164,4/23/2016,20,2,303,1115,2207
3977333714,4/23/2016,0,92,252,724,2828
4020332650,4/23/2016,0,0,0,1440,3879
4319703577,4/23/2016,0,0,233,546,3429
4388161847,4/23/2016,58,5,215,749,2704
4445114986,4/23/2016,0,0,201,1239,2975
4558609924,4/23/2016,5,5,308,1122,3089
4702921684,4/23/2016,9,66,408,469,2785
5553957443,4/23/2016,0,0,272,443,2926
5577150313,4/23/2016,24,24,223,627,2645
6117666160,4/23/2016,0,0,512,468,1120
6290855005,4/23/2016,33,0,0,1407,2286
6775888955,4/23/2016,0,0,0,1440,2306
6962181067,4/23/2016,58,41,347,484,1776
7007744171,4/23/2016,2,25,223,1190,1527
7086361926,4/23/2016,0,0,90,1350,2115
8053475328,4/23/2016,125,14,223,741,2135
8253242879,4/23/2016,30,26,191,1193,2302
8378563200,4/23/2016,19,10,136,740,1985
8583815059,4/23/2016,7,44,238,1151,1884
8792009665,4/23/2016,8,45,232,795,1464
8877689391,4/23/2016,102,6,300,1032,1632
1503960366,4/24/2016,39,5,238,709,2200
1624580081,4/24/2016,16,18,185,1221,2220
1644430081,4/24/2016,0,0,89,1351,1792
1844505072,4/24/2016,0,0,0,1440,1886
1927972279,4/24/2016,1,6,75,1358,1945
2022484408,4/24/2016,37,26,216,1161,1880
2026352035,4/24/2016,0,0,164,704,2314
2320127002,4/24/2016,0,0,204,1236,2236
2347167796,4/24/2016,0,0,360,584,2324
2873212765,4/24/2016,46,1,190,1203,2367
3372868164,4/24/2016,14,7,292,1127,2175
3977333714,4/24/2016,30,95,129,660,2092
4020332650,4/24/2016,0,0,0,1440,1593
4319703577,4/24/2016,1,5,191,692,2270
4388161847,4/24/2016,14,8,239,584,2235
4445114986,4/24/2016,0,0,244,1196,2282
4558609924,4/24/2016,0,0,395,1045,2530
4702921684,4/24/2016,15,95,281,542,2266
5553957443,4/24/2016,0,0,104,582,2158
5577150313,4/24/2016,210,65,141,425,1792
6117666160,4/24/2016,0,0,362,711,2345
6290855005,4/24/2016,0,0,258,1182,2260
6775888955,4/24/2016,11,18,11,1400,2232
6962181067,4/24/2016,0,0,199,720,257
7007744171,4/24/2016,0,0,419,1021,2955
7086361926,4/24/2016,0,0,125,566,3092
8053475328,4/24/2016,129,33,182,1096,2998
8253242879,4/24/2016,41,4,82,1313,3066
8378563200,4/24/2016,0,0,135,734,3073
8583815059,4/24/2016,2,44,206,1188,2572
8792009665,4/24/2016,3,8,19,1410,3274
8877689391,4/24/2016,64,1,227,1148,3015
1503960366,4/25/2016,73,14,216,814,3083
1624580081,4/25/2016,0,0,202,1238,3069
1644430081,4/25/2016,8,1,94,1337,3544
1844505072,4/25/2016,0,0,0,1440,3306
1927972279,4/25/2016,0,0,12,1303,2885
2022484408,4/25/2016,44,8,217,1171,3288
2026352035,4/25/2016,0,0,260,821,2929
2320127002,4/25/2016,3,5,152,1280,3074
2347167796,4/25/2016,15,11,277,653,2969
2873212765,4/25/2016,0,0,359,1081,2979
3372868164,4/25/2016,0,0,416,1024,3283
3977333714,4/25/2016,50,9,133,781,2926
4020332650,4/25/2016,0,0,0,1440,3147
4319703577,4/25/2016,0,8,390,544,3290
4388161847,4/25/2016,11,31,301,1054,3162
4445114986,4/25/2016,0,0,179,916,2899
4558609924,4/25/2016,18,10,340,993,3425
4702921684,4/25/2016,6,15,270,730,4022
5553957443,4/25/2016,51,11,201,732,3934
5577150313,4/25/2016,61,38,214,743,3013
6117666160,4/25/2016,0,0,0,1440,3061
6290855005,4/25/2016,8,3,249,1180,2954
6775888955,4/25/2016,33,13,92,1302,1623
6962181067,4/25/2016,35,31,282,637,2113
7007744171,4/25/2016,51,24,379,986,2095
7086361926,4/25/2016,69,39,129,706,2194
8053475328,4/25/2016,118,9,209,1104,2496
8253242879,4/25/2016,7,54,118,1261,2180
8378563200,4/25/2016,117,16,141,692,1933
8583815059,4/25/2016,18,6,122,1294,2248
8792009665,4/25/2016,0,0,0,1440,1954
8877689391,4/25/2016,113,8,218,1101,1974
1503960366,4/26/2016,31,23,279,833,2150
1624580081,4/26/2016,0,0,140,1300,2432
1644430081,4/26/2016,11,41,223,1165,2149
1844505072,4/26/2016,0,0,0,1440,2247
1927972279,4/26/2016,0,0,192,1058,2070
2022484408,4/26/2016,55,24,275,1086,2291
2026352035,4/26/2016,0,0,288,1018,2361
2320127002,4/26/2016,0,0,147,1293,2203
2347167796,4/26/2016,0,0,227,732,2196
2873212765,4/26/2016,2,5,309,1124,2363
3372868164,4/26/2016,22,2,333,1083,2246
3977333714,4/26/2016,7,95,170,797,2336
4020332650,4/26/2016,0,0,0,1440,2421
4319703577,4/26/2016,8,21,288,649,2070
4388161847,4/26/2016,14,23,224,673,2120
4445114986,4/26/2016,29,1,180,839,2211
4558609924,4/26/2016,12,41,283,1062,2123
4702921684,4/26/2016,1,8,216,765,2423
5553957443,4/26/2016,40,18,238,750,2281
5577150313,4/26/2016,38,32,181,759,2181
6117666160,4/26/2016,0,7,352,1077,2499
6290855005,4/26/2016,0,0,0,1440,1212
6775888955,4/26/2016,42,30,47,1321,1909
6962181067,4/26/2016,36,7,254,680,1722
7007744171,4/26/2016,16,22,424,978,1922
7086361926,4/26/2016,70,33,132,726,2121
8053475328,4/26/2016,68,5,185,1182,1997
8253242879,4/26/2016,19,14,108,1299,2117
8378563200,4/26/2016,90,18,161,593,2116
8583815059,4/26/2016,1,91,214,1134,1876
8792009665,4/26/2016,0,0,80,1360,1788
8877689391,4/26/2016,22,3,258,1157,2486
1503960366,4/27/2016,78,11,243,1108,2094
1624580081,4/27/2016,17,36,154,1233,2085
1644430081,4/27/2016,0,0,118,1322,2173
1844505072,4/27/2016,0,0,1,1439,2225
1927972279,4/27/2016,0,0,0,1440,2223
2022484408,4/27/2016,19,20,282,1119,2098
2026352035,4/27/2016,0,0,286,586,2185
2320127002,4/27/2016,0,0,82,1358,1918
2347167796,4/27/2016,26,9,295,623,2105
2873212765,4/27/2016,46,0,197,1197,1692
3372868164,4/27/2016,24,13,346,1057,2066
3977333714,4/27/2016,0,10,176,714,1953
4020332650,4/27/2016,0,0,0,1440,1842
4319703577,4/27/2016,6,47,300,680,2262
4388161847,4/27/2016,11,48,241,684,1722
4445114986,4/27/2016,32,1,194,839,1973
4558609924,4/27/2016,27,14,312,1087,2666
4702921684,4/27/2016,1,16,238,733,2223
5553957443,4/27/2016,16,16,206,745,1889
5577150313,4/27/2016,63,16,190,773,2131
6117666160,4/27/2016,0,0,458,417,1452
6290855005,4/27/2016,0,0,287,1153,2947
6775888955,4/27/2016,0,0,0,1440,2898
6962181067,4/27/2016,7,38,279,697,2984
7007744171,4/27/2016,50,12,337,1041,2896
7086361926,4/27/2016,55,6,145,829,3328
8053475328,4/27/2016,60,10,183,1187,3394
8253242879,4/27/2016,45,5,104,1286,3013
8378563200,4/27/2016,4,4,192,676,2812
8583815059,4/27/2016,77,5,129,1229,3061
8792009665,4/27/2016,0,0,112,900,2729
8877689391,4/27/2016,93,8,235,1104,2241
1503960366,4/28/2016,48,28,189,782,3691
1624580081,4/28/2016,0,5,115,1320,3538
1644430081,4/28/2016,3,53,227,1157,3064
1844505072,4/28/2016,0,0,302,1138,2784
1927972279,4/28/2016,0,0,95,1167,2908
2022484408,4/28/2016,6,20,291,1123,3033
2026352035,4/28/2016,0,0,331,626,3165
2320127002,4/28/2016,0,0,76,1364,3115
2347167796,4/28/2016,0,0,229,764,2017
2873212765,4/28/2016,28,7,213,1192,2859
3372868164,4/28/2016,0,0,385,1055,3145
3977333714,4/28/2016,15,8,190,804,3004
4020332650,4/28/2016,0,0,0,1440,3006
4319703577,4/28/2016,13,8,359,552,2859
4388161847,4/28/2016,19,9,234,878,3683
4445114986,4/28/2016,0,0,236,762,3287
4558609924,4/28/2016,1,11,367,985,2990
4702921684,4/28/2016,14,9,232,738,3172
5553957443,4/28/2016,49,13,165,727,3069
5577150313,4/28/2016,99,51,141,692,1240
6117666160,4/28/2016,0,0,141,758,2026
6290855005,4/28/2016,0,0,255,1185,1718
6775888955,4/28/2016,2,13,15,1410,2324
6962181067,4/28/2016,38,8,288,621,2254
7007744171,4/28/2016,16,16,401,1007,1831
7086361926,4/28/2016,54,48,161,810,1397
8053475328,4/28/2016,90,9,153,1188,1683
8253242879,4/28/2016,11,16,20,1393,2284
8378563200,4/28/2016,11,10,139,711,1570
8583815059,4/28/2016,0,28,203,1209,2066
8792009665,4/28/2016,0,0,310,714,2105
8877689391,4/28/2016,58,8,231,1143,1776
1503960366,4/29/2016,16,12,243,815,1507
1624580081,4/29/2016,0,0,150,1290,2033
1644430081,4/29/2016,0,0,120,1193,2093
1844505072,4/29/2016,0,0,247,1082,1922
1927972279,4/29/2016,0,0,0,1440,1999
2022484408,4/29/2016,21,40,281,1098,2169
2026352035,4/29/2016,0,0,352,492,1463
2320127002,4/29/2016,0,0,45,1395,1747
2347167796,4/29/2016,0,0,4,2,1996
2873212765,4/29/2016,20,23,206,1191,2116
3372868164,4/29/2016,0,0,402,1038,1698
3977333714,4/29/2016,36,32,150,744,2156
4020332650,4/29/2016,0,0,0,1440,1916
4319703577,4/29/2016,6,18,289,624,1494
4388161847,4/29/2016,13,16,236,1175,1762
4445114986,4/29/2016,0,0,226,1106,2272
4558609924,4/29/2016,15,29,197,1096,2335
4702921684,4/29/2016,12,19,267,692,1693
5553957443,4/29/2016,46,15,270,709,741
5577150313,4/29/2016,97,36,165,739,3405
6117666160,4/29/2016,0,0,461,479,2551
6290855005,4/29/2016,0,0,0,1440,4022
6775888955,4/29/2016,0,0,0,1440,4005
6962181067,4/29/2016,12,15,369,645,4274
7007744171,4/29/2016,55,42,382,961,4552
7086361926,4/29/2016,24,36,182,1198,3625
8053475328,4/29/2016,58,8,159,1215,3501
8253242879,4/29/2016,16,14,136,1257,3192
8378563200,4/29/2016,3,7,172,767,4018
8583815059,4/29/2016,46,67,258,1069,3329
8792009665,4/29/2016,6,14,380,634,3152
8877689391,4/29/2016,18,5,210,1207,4392
1503960366,4/30/2016,52,34,217,712,3374
1624580081,4/30/2016,11,23,224,1182,3088
1644430081,4/30/2016,9,71,402,816,3294
1844505072,4/30/2016,0,0,184,218,3580
1927972279,4/30/2016,0,0,0,1440,3544
2022484408,4/30/2016,13,23,361,1043,4501
2026352035,4/30/2016,0,0,233,594,4546
2320127002,4/30/2016,0,0,234,1206,3014
2873212765,4/30/2016,5,20,248,1167,3795
3372868164,4/30/2016,17,4,300,1119,2755
3977333714,4/30/2016,43,52,194,687,3004
4020332650,4/30/2016,0,0,0,1440,2643
4319703577,4/30/2016,6,38,196,695,1819
4388161847,4/30/2016,14,43,300,537,1819
4445114986,4/30/2016,0,0,290,797,2489
4558609924,4/30/2016,7,29,293,1111,3841
4702921684,4/30/2016,4,36,263,728,1665
5553957443,4/30/2016,0,0,84,506,1496
5577150313,4/30/2016,207,45,163,621,1496
6117666160,4/30/2016,0,0,343,1040,1496
6290855005,4/30/2016,0,0,324,1116,2865
6775888955,4/30/2016,3,9,84,1344,2828
6962181067,4/30/2016,32,16,237,731,2225
7007744171,4/30/2016,0,0,200,1240,2018
7086361926,4/30/2016,42,17,308,584,2606
8053475328,4/30/2016,27,1,131,1281,2536
8253242879,4/30/2016,0,0,0,1440,4900
8378563200,4/30/2016,0,0,121,780,2409
8583815059,4/30/2016,2,28,317,1093,2651
8792009665,4/30/2016,10,20,301,749,2305
8877689391,4/30/2016,124,4,223,1089,1497
1503960366,5/1/2016,33,35,246,730,2450
1624580081,5/1/2016,186,63,171,1020,2576
1644430081,5/1/2016,3,24,146,908,1879
1844505072,5/1/2016,0,7,75,585,2560
1927972279,5/1/2016,14,1,70,1355,2275
2022484408,5/1/2016,25,28,245,1142,2361
2026352035,5/1/2016,0,0,191,716,2044
2320127002,5/1/2016,0,0,40,1400,1496
2873212765,5/1/2016,7,18,196,1219,1902
3372868164,5/1/2016,0,0,172,842,2636
3977333714,5/1/2016,41,40,124,691,1838
4020332650,5/1/2016,0,0,0,1440,2469
4319703577,5/1/2016,0,0,67,836,2250
4388161847,5/1/2016,12,15,241,579,1248
4445114986,5/1/2016,0,0,240,741,2560
4558609924,5/1/2016,0,0,190,1121,2905
4702921684,5/1/2016,0,0,0,1440,2952
5553957443,5/1/2016,0,0,237,436,2896
5577150313,5/1/2016,194,72,178,499,2783
6117666160,5/1/2016,0,0,397,525,3171
6290855005,5/1/2016,8,95,282,1055,2766
6775888955,5/1/2016,9,34,50,1347,2839
6962181067,5/1/2016,0,0,215,722,2701
7007744171,5/1/2016,0,0,237,1142,2060
7086361926,5/1/2016,30,15,258,685,2796
8053475328,5/1/2016,0,0,51,1389,2664
8378563200,5/1/2016,71,10,127,669,2703
8583815059,5/1/2016,10,2,117,1311,2771
8792009665,5/1/2016,0,0,79,834,2060
8877689391,5/1/2016,36,12,166,1226,2743
1503960366,5/10/2016,46,31,214,746,2687
1624580081,5/10/2016,0,0,139,1301,2060
1644430081,5/10/2016,12,19,155,1254,2843
1844505072,5/10/2016,0,0,0,1440,3327
1927972279,5/10/2016,0,0,0,1440,2725
2022484408,5/10/2016,57,28,271,1084,2671
2026352035,5/10/2016,0,0,17,1002,2718
2320127002,5/10/2016,0,0,290,1150,2682
2873212765,5/10/2016,0,0,373,1067,2806
3977333714,5/10/2016,1,115,196,676,2613
4020332650,5/10/2016,0,0,206,774,2712
4319703577,5/10/2016,3,12,329,555,2175
4388161847,5/10/2016,13,14,267,648,0
4445114986,5/10/2016,0,0,231,783,1841
4558609924,5/10/2016,11,18,220,1191,2400
4702921684,5/10/2016,1,37,262,701,2507
5553957443,5/10/2016,61,40,265,707,2127
5577150313,5/10/2016,104,37,194,639,2225
6290855005,5/10/2016,0,0,0,1440,2067
6962181067,5/10/2016,62,34,275,626,2798
7086361926,5/10/2016,72,23,106,1182,1841
8053475328,5/10/2016,96,10,115,1219,3727
8378563200,5/10/2016,63,13,152,840,1841
8583815059,5/10/2016,9,43,162,1226,1922
8792009665,5/10/2016,0,0,0,48,1841
8877689391,5/10/2016,18,11,224,1187,2053
1503960366,5/11/2016,36,23,251,669,2484
1624580081,5/11/2016,0,0,112,1328,2584
1644430081,5/11/2016,0,0,49,713,1841
1844505072,5/11/2016,0,0,0,1440,1993
1927972279,5/11/2016,0,0,0,1440,1841
2022484408,5/11/2016,58,25,224,1133,2280
2026352035,5/11/2016,0,0,330,569,2319
2320127002,5/11/2016,0,0,300,1140,1841
2873212765,5/11/2016,0,0,319,1121,1843
3977333714,5/11/2016,4,0,9,13,1841
4020332650,5/11/2016,2,8,134,1296,1841
4319703577,5/11/2016,3,18,311,574,2496
4388161847,5/11/2016,8,18,256,858,1032
4445114986,5/11/2016,34,22,232,622,1994
4558609924,5/11/2016,4,31,324,1081,1718
4702921684,5/11/2016,10,41,235,784,1466
5553957443,5/11/2016,0,0,195,628,1756
5577150313,5/11/2016,45,15,63,257,2173
6962181067,5/11/2016,24,7,199,709,2027
7086361926,5/11/2016,57,40,128,757,2039
8053475328,5/11/2016,60,7,184,1189,2046
8378563200,5/11/2016,72,10,184,763,2174
8583815059,5/11/2016,5,71,177,1106,2179
8877689391,5/11/2016,88,12,213,1127,2086
1503960366,5/12/2016,0,0,0,1440,2571
1624580081,5/12/2016,0,0,107,890,1705
1844505072,5/12/2016,0,0,0,711,2194
1927972279,5/12/2016,0,0,0,966,2012
2022484408,5/12/2016,16,16,236,728,2034
2026352035,5/12/2016,0,0,343,330,2182
2320127002,5/12/2016,0,0,128,830,2254
2873212765,5/12/2016,0,0,268,720,2002
4020332650,5/12/2016,0,0,21,721,1740
4319703577,5/12/2016,0,0,2,0,2162
4388161847,5/12/2016,0,0,108,825,2072
4445114986,5/12/2016,0,0,58,380,2086
4558609924,5/12/2016,0,0,247,736,2066
4702921684,5/12/2016,0,0,68,241,1850
5553957443,5/12/2016,8,6,48,222,1947
6962181067,5/12/2016,0,8,105,127,1659
7086361926,5/12/2016,5,4,58,343,2105
8053475328,5/12/2016,28,4,39,839,2361
8378563200,5/12/2016,8,6,102,433,1855
8583815059,5/12/2016,0,0,0,1440,928
8877689391,5/12/2016,23,1,137,770,2937
1503960366,5/2/2016,41,15,277,798,2742
1624580081,5/2/2016,7,6,166,1261,2668
1644430081,5/2/2016,1,7,148,682,2098
1844505072,5/2/2016,0,0,0,1440,2076
1927972279,5/2/2016,16,8,94,1322,2383
2022484408,5/2/2016,36,8,277,1119,2832
2026352035,5/2/2016,0,0,355,716,2812
2320127002,5/2/2016,5,6,123,1306,3096
2873212765,5/2/2016,0,7,334,1099,2763
3977333714,5/2/2016,24,143,176,713,2889
4020332650,5/2/2016,0,11,31,1350,2284
4319703577,5/2/2016,0,11,344,585,2667
4388161847,5/2/2016,33,4,204,935,3055
4445114986,5/2/2016,27,4,200,667,2939
4558609924,5/2/2016,0,0,383,1057,2830
4702921684,5/2/2016,5,40,195,1131,2836
5553957443,5/2/2016,23,9,227,724,3180
5577150313,5/2/2016,37,20,235,732,2051
6117666160,5/2/2016,0,0,236,1204,2225
6290855005,5/2/2016,0,0,268,1172,2642
6775888955,5/2/2016,0,0,0,1440,2976
6962181067,5/2/2016,18,39,313,655,1557
7007744171,5/2/2016,64,14,250,1112,2933
7086361926,5/2/2016,66,26,139,737,2553
8053475328,5/2/2016,0,0,95,1345,120
8378563200,5/2/2016,63,4,142,802,2772
8583815059,5/2/2016,0,0,0,1440,2516
8792009665,5/2/2016,0,0,101,916,2734
8877689391,5/2/2016,0,0,105,1335,2395
1503960366,5/3/2016,50,24,254,816,1635
1624580081,5/3/2016,0,0,96,1344,1629
1644430081,5/3/2016,10,94,221,1115,2743
1844505072,5/3/2016,0,0,184,1256,2944
1927972279,5/3/2016,10,0,17,1413,2997
2022484408,5/3/2016,72,14,250,1104,2463
2026352035,5/3/2016,0,0,304,981,2846
2320127002,5/3/2016,20,10,206,1204,1965
2873212765,5/3/2016,1,6,363,1070,2049
3977333714,5/3/2016,47,41,258,594,2752
4020332650,5/3/2016,0,0,174,950,2781
4319703577,5/3/2016,8,26,287,669,2693
4388161847,5/3/2016,18,18,306,984,2862
4445114986,5/3/2016,30,2,233,725,2616
4558609924,5/3/2016,21,10,237,1172,2995
4702921684,5/3/2016,0,0,313,729,2730
5553957443,5/3/2016,26,29,247,812,2754
5577150313,5/3/2016,97,8,212,580,2754
6117666160,5/3/2016,0,0,0,1440,2655
6290855005,5/3/2016,0,0,240,1200,2386
6775888955,5/3/2016,0,0,1,1439,2924
6962181067,5/3/2016,21,36,267,654,2739
7007744171,5/3/2016,58,31,330,1021,2534
7086361926,5/3/2016,57,36,152,761,2960
8053475328,5/3/2016,87,22,165,1166,2800
8378563200,5/3/2016,71,20,195,822,2735
8583815059,5/3/2016,0,0,0,1440,1199
8792009665,5/3/2016,0,0,156,739,3186
8877689391,5/3/2016,19,3,229,1189,3140
1503960366,5/4/2016,36,22,203,1179,3411
1624580081,5/4/2016,0,0,118,1322,3410
1644430081,5/4/2016,0,0,52,1388,2867
1844505072,5/4/2016,0,0,87,1353,3213
1927972279,5/4/2016,0,0,87,1353,3133
2022484408,5/4/2016,36,27,272,1105,3114
2026352035,5/4/2016,0,0,345,530,3043
2320127002,5/4/2016,0,0,52,1388,3103
2873212765,5/4/2016,0,0,420,1020,2655
3977333714,5/4/2016,14,96,142,852,3554
4020332650,5/4/2016,13,46,346,531,3577
4319703577,5/4/2016,8,13,313,1106,3403
4388161847,5/4/2016,35,21,251,632,2846
4445114986,5/4/2016,0,0,180,897,2852
4558609924,5/4/2016,0,0,252,1188,3062
4702921684,5/4/2016,4,15,251,757,2794
5553957443,5/4/2016,0,0,224,651,2408
5577150313,5/4/2016,25,9,141,631,1886
6117666160,5/4/2016,0,0,156,1279,1988
6290855005,5/4/2016,0,0,272,1168,3023
6775888955,5/4/2016,0,0,0,1440,2918
6962181067,5/4/2016,15,36,284,683,2950
7007744171,5/4/2016,0,0,0,1440,2859
7086361926,5/4/2016,45,12,135,843,3331
8053475328,5/4/2016,89,8,123,1220,3589
8378563200,5/4/2016,19,10,167,680,2765
8583815059,5/4/2016,0,0,0,1440,2926
8792009665,5/4/2016,0,0,129,848,2809
8877689391,5/4/2016,66,8,212,1154,1505
1503960366,5/5/2016,45,24,250,857,2044
1624580081,5/5/2016,0,0,117,1323,1935
1644430081,5/5/2016,6,12,81,1341,1705
1844505072,5/5/2016,0,0,120,1320,1632
1927972279,5/5/2016,0,0,0,1440,1880
2022484408,5/5/2016,55,20,253,1112,2112
2026352035,5/5/2016,0,0,475,479,1829
2320127002,5/5/2016,0,11,223,1206,1763
2873212765,5/5/2016,13,23,311,1093,1931
3977333714,5/5/2016,14,88,178,680,2218
4020332650,5/5/2016,38,42,196,916,1651
4319703577,5/5/2016,27,34,328,957,2132
4388161847,5/5/2016,12,39,199,896,1976
4445114986,5/5/2016,2,6,185,734,1909
4558609924,5/5/2016,14,8,370,1048,1813
4702921684,5/5/2016,8,5,241,745,2008
5553957443,5/5/2016,44,29,241,692,1580
5577150313,5/5/2016,45,21,143,1153,1854
6117666160,5/5/2016,0,0,487,479,0
6290855005,5/5/2016,0,0,239,1201,3635
6775888955,5/5/2016,0,0,0,1440,4079
6962181067,5/5/2016,14,22,305,591,4163
7007744171,5/5/2016,53,23,317,1047,3666
7086361926,5/5/2016,24,14,149,1253,3363
8053475328,5/5/2016,93,9,130,1208,2572
8378563200,5/5/2016,66,3,214,764,4157
8583815059,5/5/2016,0,0,70,1370,4092
8792009665,5/5/2016,0,0,0,1440,3787
8877689391,5/5/2016,67,15,188,1170,4236
1503960366,5/6/2016,24,6,289,754,4044
1624580081,5/6/2016,0,0,102,1338,2908
1644430081,5/6/2016,11,6,369,1054,2741
1844505072,5/6/2016,0,0,2,1438,4005
1927972279,5/6/2016,0,0,108,1332,3763
2022484408,5/6/2016,24,17,295,1104,3061
2026352035,5/6/2016,0,0,383,511,2884
2320127002,5/6/2016,0,0,204,1236,2982
2873212765,5/6/2016,0,5,370,1065,2660
3977333714,5/6/2016,29,55,168,676,3369
4020332650,5/6/2016,0,0,177,855,3491
4319703577,5/6/2016,6,11,314,692,3784
4388161847,5/6/2016,33,45,262,1100,3110
4445114986,5/6/2016,0,0,229,809,3783
4558609924,5/6/2016,0,0,202,1238,3644
4702921684,5/6/2016,1,16,207,682,2799
5553957443,5/6/2016,21,9,229,761,2685
5577150313,5/6/2016,41,16,79,1304,3721
6117666160,5/6/2016,0,0,133,673,3586
6290855005,5/6/2016,0,0,305,1135,3788
6775888955,5/6/2016,12,35,75,1318,1976
6962181067,5/6/2016,0,0,299,717,2650
7007744171,5/6/2016,44,13,247,1136,2654
7086361926,5/6/2016,84,35,154,834,2443
8053475328,5/6/2016,90,15,90,1245,2505
8378563200,5/6/2016,74,5,166,831,2693
8583815059,5/6/2016,2,22,166,1250,2439
8792009665,5/6/2016,0,0,0,1440,2536
8877689391,5/6/2016,96,17,232,1095,2668
1503960366,5/7/2016,37,46,175,833,2647
1624580081,5/7/2016,0,0,182,1258,2883
1644430081,5/7/2016,41,17,243,1139,2944
1844505072,5/7/2016,0,0,0,1440,3012
1927972279,5/7/2016,0,0,48,1392,2889
2022484408,5/7/2016,20,2,149,1269,2547
2026352035,5/7/2016,0,0,229,665,3093
2320127002,5/7/2016,0,0,319,1121,3142
2873212765,5/7/2016,75,11,52,1302,2757
3977333714,5/7/2016,0,86,208,703,3513
4020332650,5/7/2016,0,0,184,1256,3164
4319703577,5/7/2016,3,28,279,586,2596
4388161847,5/7/2016,120,56,260,508,2894
4445114986,5/7/2016,26,4,108,866,3212
4558609924,5/7/2016,23,16,233,1116,2516
4702921684,5/7/2016,5,46,439,577,3266
5553957443,5/7/2016,0,0,96,902,2683
5577150313,5/7/2016,0,0,0,1440,2810
6117666160,5/7/2016,0,0,412,456,2940
6290855005,5/7/2016,0,0,227,1213,2947
6775888955,5/7/2016,2,5,49,551,2846
6962181067,5/7/2016,0,0,328,745,2804
7007744171,5/7/2016,0,0,0,111,0
7086361926,5/7/2016,20,42,209,621,2044
8053475328,5/7/2016,121,20,148,1076,1934
8378563200,5/7/2016,0,0,158,851,1963
8583815059,5/7/2016,0,0,250,1190,2009
8792009665,5/7/2016,0,0,0,1440,1721
8877689391,5/7/2016,105,28,271,1036,1688
1503960366,5/8/2016,44,8,203,574,1688
1624580081,5/8/2016,0,0,152,1288,1688
1644430081,5/8/2016,0,0,295,991,2188
1844505072,5/8/2016,0,0,0,1440,1720
1927972279,5/8/2016,0,0,0,1440,2419
2022484408,5/8/2016,0,0,135,1305,2748
2026352035,5/8/2016,0,0,258,610,1799
2320127002,5/8/2016,0,0,247,1193,1688
2873212765,5/8/2016,46,0,326,1068,1928
3977333714,5/8/2016,9,116,171,688,2067
4020332650,5/8/2016,0,0,263,775,2780
4319703577,5/8/2016,0,0,153,603,3101
4388161847,5/8/2016,107,38,178,576,2896
4445114986,5/8/2016,0,8,308,733,1962
4558609924,5/8/2016,66,35,238,1019,2015
4702921684,5/8/2016,9,125,192,1019,2297
5553957443,5/8/2016,3,8,210,505,2067
5577150313,5/8/2016,0,0,0,1440,1688
6117666160,5/8/2016,0,0,318,517,1688
6290855005,5/8/2016,0,0,251,1189,1688
6962181067,5/8/2016,0,14,151,709,1688
7086361926,5/8/2016,32,27,147,695,1688
8053475328,5/8/2016,125,14,228,1073,57
8378563200,5/8/2016,0,0,139,621,3921
8583815059,5/8/2016,3,72,182,1183,3566
8792009665,5/8/2016,0,0,0,1440,3793
8877689391,5/8/2016,17,4,245,1174,3934
1503960366,5/9/2016,46,11,206,835,4547
1624580081,5/9/2016,0,0,91,1349,3545
1644430081,5/9/2016,32,6,303,1099,2761
1844505072,5/9/2016,0,0,0,1440,3676
1927972279,5/9/2016,0,0,0,1440,3679
2022484408,5/9/2016,35,47,297,1061,3659
2026352035,5/9/2016,0,0,401,543,3427
2320127002,5/9/2016,0,0,145,1295,3891
2873212765,5/9/2016,0,0,345,1095,3455
3977333714,5/9/2016,8,122,151,1159,3802
4020332650,5/9/2016,3,5,173,1225,2860
4319703577,5/9/2016,2,14,374,490,3808
4388161847,5/9/2016,6,19,258,1020,3060
4445114986,5/9/2016,0,0,266,641,2698
4558609924,5/9/2016,6,30,339,1065,4398
4702921684,5/9/2016,0,12,253,746,2786
5553957443,5/9/2016,59,22,251,667,2189
5577150313,5/9/2016,34,11,70,1099,2817
6117666160,5/9/2016,0,0,197,125,3477
6290855005,5/9/2016,0,0,264,800,3052
6962181067,5/9/2016,43,21,231,607,4015
7086361926,5/9/2016,67,50,171,743,4142
8053475328,5/9/2016,66,12,148,1214,2847
8378563200,5/9/2016,71,13,171,772,3710
8583815059,5/9/2016,66,4,110,1260,2832
8792009665,5/9/2016,0,0,0,1440,3832
8877689391,5/9/2016,73,19,217,1131,1849
